<application>
  <component name="DebuggerSettings">
    <filter>
      <option name="PATTERN" value="com.sun.*" />
      <option name="ENABLED" value="true" />
      <option name="INCLUDE" value="true" />
    </filter>
    <filter>
      <option name="PATTERN" value="java.*" />
      <option name="ENABLED" value="true" />
      <option name="INCLUDE" value="true" />
    </filter>
    <filter>
      <option name="PATTERN" value="javax.*" />
      <option name="ENABLED" value="true" />
      <option name="INCLUDE" value="true" />
    </filter>
    <filter>
      <option name="PATTERN" value="org.omg.*" />
      <option name="ENABLED" value="true" />
      <option name="INCLUDE" value="true" />
    </filter>
    <filter>
      <option name="PATTERN" value="sun.*" />
      <option name="ENABLED" value="true" />
      <option name="INCLUDE" value="true" />
    </filter>
    <filter>
      <option name="PATTERN" value="jdk.internal.*" />
      <option name="ENABLED" value="true" />
      <option name="INCLUDE" value="true" />
    </filter>
    <filter>
      <option name="PATTERN" value="junit.*" />
      <option name="ENABLED" value="true" />
      <option name="INCLUDE" value="true" />
    </filter>
    <filter>
      <option name="PATTERN" value="com.intellij.rt.*" />
      <option name="ENABLED" value="true" />
      <option name="INCLUDE" value="true" />
    </filter>
    <filter>
      <option name="PATTERN" value="com.yourkit.runtime.*" />
      <option name="ENABLED" value="true" />
      <option name="INCLUDE" value="true" />
    </filter>
    <filter>
      <option name="PATTERN" value="com.springsource.loaded.*" />
      <option name="ENABLED" value="true" />
      <option name="INCLUDE" value="true" />
    </filter>
    <filter>
      <option name="PATTERN" value="org.springsource.loaded.*" />
      <option name="ENABLED" value="true" />
      <option name="INCLUDE" value="true" />
    </filter>
    <filter>
      <option name="PATTERN" value="javassist.*" />
      <option name="ENABLED" value="true" />
      <option name="INCLUDE" value="true" />
    </filter>
    <filter>
      <option name="PATTERN" value="org.apache.webbeans.*" />
      <option name="ENABLED" value="true" />
      <option name="INCLUDE" value="true" />
    </filter>
    <filter>
      <option name="PATTERN" value="com.ibm.ws.*" />
      <option name="ENABLED" value="true" />
      <option name="INCLUDE" value="true" />
    </filter>
    <filter>
      <option name="PATTERN" value="kotlin.*" />
      <option name="ENABLED" value="true" />
      <option name="INCLUDE" value="true" />
    </filter>
    <filter>
      <option name="PATTERN" value="kotlin.*" />
      <option name="ENABLED" value="true" />
      <option name="INCLUDE" value="true" />
    </filter>
  </component>
  <component name="NodeRendererSettings">
    <Renderer ID="ToStringRenderer">
      <option name="ON_DEMAND" value="true" />
    </Renderer>
    <CustomRenderers VERSION="8">
      <Renderer ID="CompoundTypeRenderer">
        <option name="NAME" value="com.bet.sports.connection.PageInfo" />
        <option name="ENABLED" value="true" />
        <option name="QUALIFIED_NAME" value="com.bet.sports.connection.PageInfo" />
        <Renderer ID="LabelRenderer" role="label">
          <option name="QUALIFIED_NAME" value="com.bet.sports.connection.PageInfo" />
          <option name="ON_DEMAND" value="false" />
          <option name="LABEL_EXPRESSION" value="fragmentTag&#13;&#13;JAVA" />
        </Renderer>
      </Renderer>
      <Renderer ID="CompoundTypeRenderer">
        <option name="NAME" value="com.bet.sports.connection.PageInfo" />
        <option name="ENABLED" value="true" />
        <option name="QUALIFIED_NAME" value="com.bet.sports.connection.PageInfo" />
        <Renderer ID="LabelRenderer" role="label">
          <option name="QUALIFIED_NAME" value="com.bet.sports.connection.PageInfo" />
          <option name="ON_DEMAND" value="false" />
          <option name="LABEL_EXPRESSION" value="fragmentTag+&quot;00000&quot;&#13;&#13;JAVA" />
        </Renderer>
      </Renderer>
      <Renderer ID="CompoundTypeRenderer">
        <option name="NAME" value="com.bet.platform.connection.PageInfo" />
        <option name="ENABLED" value="true" />
        <option name="QUALIFIED_NAME" value="com.bet.platform.connection.PageInfo" />
        <Renderer ID="LabelRenderer" role="label">
          <option name="QUALIFIED_NAME" value="com.bet.platform.connection.PageInfo" />
          <option name="ON_DEMAND" value="false" />
          <option name="LABEL_EXPRESSION" value="fragmentTag&#13;&#13;JAVA" />
        </Renderer>
      </Renderer>
    </CustomRenderers>
  </component>
  <component name="XDebuggerSettings">
    <data-views>
      <option name="showLibraryStackFrames" value="false" />
    </data-views>
    <general />
    <debuggers>
      <debugger id="ObjectiveC">
        <configuration>
          <option name="VALUES_FILTER_ENABLED" value="false" />
        </configuration>
      </debugger>
      <debugger id="kotlin_debugger">
        <configuration>
          <option name="DEBUG_IS_FILTER_FOR_STDLIB_ALREADY_ADDED" value="true" />
        </configuration>
      </debugger>
    </debuggers>
  </component>
</application>