<application>
  <component name="UISettings">
    <option name="FONT_SCALE" value="1.0" />
    <option name="FONT_SIZE" value="14" />
    <option name="MAX_LOOKUP_LIST_HEIGHT" value="14" />
    <option name="MAX_LOOKUP_WIDTH2" value="871" />
    <option name="OVERRIDE_NONIDEA_LAF_FONTS" value="true" />
    <option name="PRESENTATION_MODE_FONT_SIZE" value="14" />
    <option name="SHOW_MAIN_TOOLBAR" value="true" />
    <option name="SHOW_MEMORY_INDICATOR" value="true" />
  </component>
</application>