{
  "info": {
    "version": 1,
    "author": "xcode"
  },
  "images": [
    {
      "size": "29x29",
      "idiom": "iphone",
      "filename": "icon-iphone-29x29@2x.png",
      "scale": "2x"
    },
    {
      "size": "29x29",
      "idiom": "iphone",
      "filename": "icon-iphone-29x29@3x.png",
      "scale": "3x"
    },
    {
      "size": "60x45",
      "idiom": "iphone",
      "filename": "icon-iphone-60x45@2x.png",
      "scale": "2x"
    },
    {
      "size": "60x45",
      "idiom": "iphone",
      "filename": "icon-iphone-60x45@3x.png",
      "scale": "3x"
    },
    {
      "size": "29x29",
      "idiom": "ipad",
      "filename": "icon-ipad-29x29@2x.png",
      "scale": "2x"
    },
    {
      "size": "67x50",
      "idiom": "ipad",
      "filename": "icon-ipad-67x50@2x.png",
      "scale": "2x"
    },
    {
      "size": "74x55",
      "idiom": "ipad",
      "filename": "icon-ipad-74x55@2x.png",
      "scale": "2x"
    },
    {
      "size": "1024x1024",
      "idiom": "ios-marketing",
      "filename": "icon-ios-marketing-1024x1024@1x.png",
      "scale": "1x"
    },
    {
      "size": "27x20",
      "idiom": "universal",
      "filename": "icon-universal-27x20@2x.png",
      "scale": "2x",
      "platform": "ios"
    },
    {
      "size": "27x20",
      "idiom": "universal",
      "filename": "icon-universal-27x20@3x.png",
      "scale": "3x",
      "platform": "ios"
    },
    {
      "size": "32x24",
      "idiom": "universal",
      "filename": "icon-universal-32x24@2x.png",
      "scale": "2x",
      "platform": "ios"
    },
    {
      "size": "32x24",
      "idiom": "universal",
      "filename": "icon-universal-32x24@3x.png",
      "scale": "3x",
      "platform": "ios"
    },
    {
      "size": "1024x768",
      "idiom": "ios-marketing",
      "filename": "icon-ios-marketing-1024x768@1x.png",
      "scale": "1x",
      "platform": "ios"
    }
  ]
}