{
    "installed": {
        "client_id": "673201164897-ue2gj9b15st838rdgdjqtt4p3asfbskk.apps.googleusercontent.com",
        "project_id": "quickstart-1559543143708",
        "auth_uri": "https://accounts.google.com/o/oauth2/auth",
        "token_uri": "https://oauth2.googleapis.com/token",
        "auth_provider_x509_cert_url": "https://www.googleapis.com/oauth2/v1/certs",
        "client_secret": "bfnynOrxyqg9YIcGV57Hh2ak",
        "redirect_uris": [
            "urn:ietf:wg:oauth:2.0:oob",
            "http://localhost"
        ]
    }
}